mq,sigma
0.004333899618282393,944.525453994233
0.004964481332643348,1083.9633069886543
0.00511471967984699,1117.069292434009
0.005228284658614746,1142.2316362000267
0.005319732810698866,1162.2258591476439
0.005398472224297049,1179.3071157767502
0.005477337633132674,1196.0383419058874
0.005542820090868981,1210.3584222426225
0.005603494559241764,1223.2527845568875
0.005660661322668867,1235.747726857771
0.005714728988625532,1246.5941062285915
0.005766117233915188,1257.2745823456848
0.005814693989336232,1268.2770533281755
0.005856808799547992,1279.7262035726365
0.005905205239862667,1289.9970474716743
0.005952716604693676,1298.8668570377106
0.00599777824490397,1307.8779022333515
0.0060379018343117395,1318.0187578512252
0.006082160235879707,1327.903840850701
0.006117931673761333,1336.5047138541713
0.0061562680207375015,1345.2239975582618
0.006200659376039802,1352.3127397229455
0.006237011955955059,1361.6718290278266
0.006275764962188111,1369.5181459511207
0.006312027589271137,1378.1148680263009
0.006352126590281486,1387.2223691997963
0.006380773426564749,1394.394787716933
0.006421983513264091,1401.4896545268634
0.00645444683962812,1410.1771142093903
0.006494733726389052,1417.1971697030624
0.006527804469324644,1424.3173826302102
0.006561666748695809,1432.1574526331274
0.006598254727762749,1440.100470798552
0.006631923206646576,1446.552607222277
0.006664508568869939,1453.8844046777972
0.006699405045231641,1462.782898204351
0.0067306818106753945,1468.6921971326558
0.006764444155700148,1475.5825404906036
0.0067918445454332585,1484.2768443673558
0.006825962380763936,1491.3530359270646
0.006863412409534022,1497.2083379793485
0.006896202816636685,1506.080935953866
0.0069258135237999004,1511.7164110629753
0.006958281161397178,1518.5642410539228
0.006984259311762515,1526.496957405746
0.007024292846121543,1533.2388758919421
0.007053419690271751,1539.7388765137687
0.007084950200283287,1546.7501003514637
0.007118494412972327,1552.8597137897127
0.007148520045454897,1560.3824043225138
0.007179932821338531,1567.3054363746248
0.007205052634619536,1574.813544393243
0.007240999837389202,1581.6966556681225
0.007268512590132533,1588.7291098600012
0.007307045312300354,1594.076699509937
0.007339764241269175,1603.3968019696763
0.007364512601480607,1609.3737495691646
0.007397989506181478,1615.718953089167
0.007429780053842603,1622.3311112436024
0.007464187312773779,1628.9145663376091
0.007486175182532588,1636.3666395018677
0.007526702916441218,1643.1620513047528
0.007557567321768115,1648.9719978518992
0.007580235912596618,1656.989155445129
0.007615936578934024,1663.623103563286
0.007648411461810288,1670.019382029956
0.007680754169813232,1676.3902276265424
0.007712858828233579,1682.9252083963233
0.007744564353929327,1689.7177734199715
0.007776246138904853,1696.6065161339882
0.007808133831985303,1703.8014181022643
0.007839471968509567,1710.5216298075281
0.007871197277850898,1717.661204867673
0.007902941773950983,1725.0010724817894
0.007934628706895472,1732.157052758825
0.007966306178334277,1738.9711612323924
0.007998093271653232,1746.003574725396
0.008029957090700097,1753.0952127578723
0.00806187488236769,1760.1149378409366
0.008088258986034212,1767.4340094007116
0.008126008883204512,1774.5553968831252
0.008158170838441664,1781.660790242991
0.00819043261774657,1788.8415943350092
0.00822282740203803,1796.174799293306
0.008249636684347625,1802.6257940064716
0.008287804055339616,1810.5313922334597
0.008320481952009937,1817.8163276114346
0.008353145528003246,1824.8834090491766
0.008386005041816719,1832.1551849455798
0.008418988593781386,1839.4595865242902
0.008451871670659908,1846.389552915065
0.00848506637717183,1853.751274218774
0.00851842783192388,1861.2045064084639
0.008551680225402949,1868.2321492078456
0.008585204241837225,1875.589080896526
0.008618861375840184,1882.9847768360596
0.008652564054064771,1890.1776899145527
0.008686546560494945,1897.7960037047956
0.008720549039167363,1905.126008446253
0.008754755359155666,1912.6516498260298
0.0087891351808721,1920.2754672466608
0.008823687839765382,1927.9626388930974
0.008858246878408554,1935.3824739068843
0.00889309270433007,1943.114775965117
0.008927941129430276,1950.5236581617992
0.008963351457401403,1958.7286690904223
0.008998711106714827,1966.5219384211152
0.009033969442766725,1974.0755004789903
0.009069575807031384,1981.8503009099009
0.009105468902139358,1989.816988327472
0.009132954971478716,1996.7445436668831
0.00917769798468765,2005.6995920294821
0.009213950814246214,2013.5615212556108
0.009250571347112069,2021.6455872646006
0.009287246095614805,2029.6281965106643
0.00932427372833436,2037.804909939583
0.009351823154633862,2044.8800533247447
0.009398599217370263,2053.9472817114365
0.009436173094831083,2062.197619406079
0.009473896699611553,2070.405169551823
0.009511841014023456,2078.654910686633
0.009550012593456319,2086.953100798123
0.009588525617782838,2095.50240814787
0.009627156846721137,2103.911913075342
0.009666074595735184,2112.4566833929935
0.009705321807564449,2121.175679348894
0.009744709410170962,2129.8031187218307
0.00977344123300374,2137.432524919181
0.009813172146891,2146.1538901565473
0.009853036358017653,2154.915252570788
0.009904863806343481,2164.945102719835
0.009945661902057139,2173.947612932881
0.009986329239531924,2182.6319418365624
0.0100275030978208,2191.578344365682
0.010068966055496682,2200.5883049719923
0.010098132610329106,2208.6931127701564
0.010139976207027567,2217.864392294581
0.010182120887207007,2227.0992486391
0.010237884734217792,2237.528897051165
0.010280902228794579,2246.9922870421474
0.010324171278778233,2256.392702663494
0.010367846779900665,2266.0462979564622
0.010411761301806505,2275.5890996646617
0.010456009059036615,2285.1997671047134
0.010500622882094319,2294.9483282254814
0.010545553944024387,2304.702535601206
0.010591004114371827,2314.933854109017
0.01063734239617725,2325.531615295338
0.010682515302945736,2334.5171189120565
0.01072888261539172,2344.555149356569
0.010775732375080066,2355.0013245466394
0.010822818482374132,2365.0786081640226
0.010870381964956127,2375.509423634192
0.01091826317906527,2385.759251026646
0.010966626417729908,2396.3537962877895
0.011015396245741566,2407.0160712608595
0.01106447548284092,2417.3965781013453
0.011114062418115803,2428.1443869378254
0.011163868667694773,2438.478267147331
0.01121434542101145,2449.4835111869725
0.011265038120382263,2460.2988110757456
0.01131684589879637,2472.133119947813
0.011368720405011976,2483.452289943783
0.011419977712967917,2494.0897018310256
0.01147177824178403,2505.794992947306
0.011522283783876852,2518.511838726532
0.01158117950962472,2529.923518694474
0.011634259089178324,2541.0719026426827
0.011683929800816829,2554.729584683138
0.01173311869406046,2567.249309386113
0.011798182810718377,2578.2444999109944
0.011859170125244997,2592.1979788793064
0.011908348022583563,2604.257728640309
0.011967893295381126,2616.430557727749
0.012032553007245999,2630.4785423409617
0.01209206480140118,2644.3238619056683
0.012151436244801915,2657.1295729654653
0.012212421320067132,2670.8222435435555
0.01227127358738604,2680.8299883125956
0.012330259015175773,2694.1649641498516
0.012393637328778634,2707.520185357104
0.012443037187972864,2723.0732809671
0.012521994003130697,2736.3932635528377
0.012585892060332964,2749.7672580089193
0.012653198523604461,2767.4772156934478
0.012718635797900227,2781.8455311592634
0.012773588203609713,2794.8368108838085
0.012851057501633045,2808.119002600131
0.012907467663924208,2824.6439637938256
0.012985440417706003,2837.78468032839
0.013057673718484916,2853.008943126398
0.013119270059421147,2870.504389712101
0.013192097546212098,2886.029574283206
0.013270902047252746,2900.0476934189855
0.013345072833472402,2916.0539795755153
0.01341070309973731,2934.6349792339356
0.013496300821633857,2949.3280583382075
0.013564936285827955,2967.5483749230125
0.013650940144727472,2984.4378113258945
0.013729750757451614,3002.4877836599417
0.013810453197948939,3021.432818337081
0.013889251457447935,3035.797407713745
0.013973425919539213,3057.131647205316
0.014047104305507778,3072.714553135059
0.014134041305261216,3090.2598403133775
0.014223285620441962,3108.718983254551
0.014310618442544748,3128.6800610736864
0.014399157519090103,3149.4366132296864
0.01448847660348838,3169.083354176655
0.014578994145369019,3188.597057818372
0.014668235406147688,3206.3316302898866
0.014763130054203722,3227.0205152103035
0.014858697830226399,3248.3350093211343
0.014956892212365222,3272.86120556555
0.015049949241086609,3290.6993700629214
0.015153221992533817,3313.1781370828035
0.015252718073997333,3334.4835483827546
0.015360329525853842,3361.6296917160757
0.015452873797978163,3382.2645544129264
0.01556864084487177,3403.824111090272
0.015671758717863096,3428.535630378152
0.015789953888005557,3455.739631804052
0.015899442865386,3476.3527816508404
0.016015564628043526,3502.4308933128445
0.016112702901427283,3529.1932549971784
0.01625229296694208,3556.3785702841233
0.016371181053303707,3579.904796943299
0.01649144905851865,3607.620751130261
0.016623573696023294,3638.4871668889687
0.016751309224254936,3664.7532036449097
0.016882586275548627,3693.6758393261694
0.01699713809425389,3723.6264259620734
0.01715475120111988,3755.8193667660216
0.017288243282456688,3782.27839955298
0.017430141033969632,3813.8890761829043
0.017575810806774568,3845.998322962519
0.017724252406850854,3878.9997249716903
0.01787686251368009,3912.4985368555926
0.018033043604960948,3946.7712200061583
0.01819235806330886,3982.042762269577
0.018363458011831413,4019.903150719392
0.01853176273413986,4058.0140494944085
0.018704645653307702,4096.801807161765
0.018881806780578384,4135.630958084528
0.019060238532202997,4173.436116910804
0.019239522012830523,4211.382138472164
0.019430254633440246,4253.213528518275
0.01962711689453712,4295.95956599177
0.01981001228077231,4342.733250934564
0.020018747997844696,4388.519775906165
0.020233594028133774,4435.512102705141
0.0204547773803994,4483.773625542159
0.020700656369312686,4536.027435844351
0.020927513138684687,4581.80005340329
0.02116834417302808,4634.687605352332
0.021417016715835787,4689.319058061238
0.021673978116943795,4745.795503431087
0.02193971220337338,4804.226057110553
0.02221474783816424,4864.728970039319
0.022499656939101796,4927.4329443783845
0.022769906717714776,4995.125421118099
0.02307685420812937,5062.7889863049
0.023395736141784182,5133.0616866030305
0.023727366694488113,5206.121423580312
0.02407263466960413,5282.163146635282
0.024432513544060657,5361.401960213527
0.024826672538825676,5440.502708568867
0.02521865356754202,5526.798939029962
0.025611137003937686,5620.82942509531
0.02604126754023116,5715.549086817945
0.0264927964642464,5814.973061404055
0.02696184981143067,5919.801491786844
0.02748764104575271,6030.1279029111165
0.02801377804397587,6144.6812849613125
0.028571524696006788,6268.158619112701
0.02916277091745007,6399.106906779478
0.029795476853282564,6542.894448876603
0.030423060760687834,6686.08417733022
0.031139989317848286,6844.678678626279
0.0319071434290927,7014.452341681105
0.03276813667249384,7198.8584671492845
0.03365821201714341,7394.894706127606
0.0346180539697226,7603.728715422412
0.03567739046274344,7842.590784697143
0.036831209750467,8098.629793478705
0.03810433846474935,8382.735354410906
0.039517577558542835,8697.488013787102
0.04109955677753023,9049.574359258275
0.04288685927529541,9446.93067118391
0.04491855662259115,9892.255094901033
0.04728322125338504,10422.99622406738
0.05006422090770255,11045.07822234001
0.053405184681453964,11793.168755812923
0.057524941463176604,12716.10972060599
0.06278701291383801,13897.062658386343
0.06978205626434748,15478.977730281793
0.080021139702519,17788.880847981673
0.0968869109435243,21620.905691156142
0.11010842402584724,24667.834037459335
0.1134162200367829,25419.5818971916
0.11573710452899674,25955.235835454867
0.11751736949491434,26380.129356211994
0.11928135602783795,26773.889893572305
0.12076073282837109,27116.599789883174
0.12210929999067584,27428.395961205664
0.12336090913798024,27717.79063607194
0.12453067494758122,27990.083286458364
0.1256422723508514,28247.632613907736
0.12670134013164014,28493.049885402725
0.1277159564912501,28728.183752576
0.12869242190275,28954.468587673175
0.12963570104131986,29173.06392432636
0.1305498329065463,29384.926388710945
0.1312695819874993,29574.826178697764
0.13213726123038053,29776.384881825725
0.13299529925483097,29973.534052617204
0.13382353021449053,30165.722092251315
0.13463485996331462,30354.016125242866
0.13543085536925845,30538.777177392833
0.13621849905979494,30719.854593423996
0.13698758760294183,30898.37846865071
0.13774477843024827,31074.236449543158
0.13849112532857094,31247.635458644916
0.1392274974518044,31418.768825075178
0.13995464967981616,31587.810786431943
0.14067329373637524,31754.920162758084
0.141479695803182,31931.88235091001
0.14218197947386843,32097.007038362717
0.1428774997907873,32260.569541785942
0.14356671359695297,32422.675642555143
0.1442500785646293,32583.425149485804
0.14492797645952393,32742.909384785333
0.1456007933962971,32901.21739955681
0.14626886669259895,33058.42701540525
0.14693407862601335,33215.793874036615
0.14759359087210244,33370.9230071045
0.14824926802758528,33525.17059842414
0.14890136155745753,33678.59269927224
0.14955011892241904,33831.24727930628
0.15019576441111876,33983.1878711138
0.15083852228600367,34134.46801049539
0.15147859984906636,34285.138603711595
0.1520637896838443,34397.2589350492
0.15270042549378113,34546.39573687818
0.15333505506860437,34695.1934283581
0.1539755632393025,34845.322483586846
0.1546064987851826,34994.33621005287
0.15523575460513905,35143.30950290013
0.15586365883662767,35292.43040128651
0.15649025352374646,35441.741882867515
0.1571157475020236,35591.39379286994
0.1577360830325629,35736.46883818041
0.15832592180407168,35874.49308124631
0.15891740086061587,36027.71202723137
0.15954430114371465,36171.77664995025
0.16016435470986726,36317.451787862745
0.1607859540064646,36462.51055844263
0.161437323144343,36605.67583561878
0.16207503639202137,36769.04690831116
0.16269038270390088,36912.60125424153
0.16330594604388984,37056.75931854392
0.1639217375599224,37201.40282153952
0.16451390145326247,37334.42471459091
0.16513140740305057,37480.59132123484
0.16574913851047193,37626.86530079446
0.16636717782197788,37773.26775099559
0.16698560866763465,37919.81726783276
0.16760449471076397,38066.53241677633
0.1682239101124671,38213.43225614575
0.16884394181407633,38360.53735118991
0.16946464730791558,38507.862166610445
0.17008612371521767,38655.43010997288
0.1707370112293445,38828.381507844126
0.1713604225957559,38977.485411593945
0.1719848152688804,39126.88730536979
0.17261026396812296,39276.60485533968
0.17323683945811735,39426.654827476785
0.17386462270384134,39577.05623529607
0.17449367079479933,39727.82218490649
0.17507992374088308,39844.73991118434
0.17571131228730055,39994.9923048907
0.17634412700712576,40145.650402302614
0.17697841595162014,40296.72712459903
0.17761424075705132,40448.23799875793
0.1782516615411238,40600.19826008205
0.17889073581487716,40752.6229384162
0.17953152499574926,40905.527042720234
0.18017410676022555,41058.92894550185
0.1808185342392961,41212.84194565414
0.18146487089616872,41367.281560158866
0.18211316556326934,41522.261006868364
0.1827701083062796,41679.88033508308
0.183422572116179,41836.210095509035
0.1840771684029008,41993.134360831325
0.18473396166650244,42150.66813608272
0.185392994403426,42308.82116614484
0.18605434677041885,42467.612675702716
0.18674261585906302,42656.18249694821
0.18740778730379798,42815.43296808177
0.1881056662877032,42988.27294581977
0.18877682725597314,43149.24146875066
0.18940703740871348,43281.442022437295
0.1900832490899594,43444.243083102214
0.19076222285652344,43607.785799553305
0.19144400645359344,43772.081886819076
0.1921287109352324,43937.163716213865
0.1928163448418457,44103.02788670401
0.19350698832499794,44269.68975711689
0.19420070999874517,44437.170015155025
0.194897586855442,44605.486745220915
0.19559765811685906,44774.65177426498
0.19630099894006067,44944.6822600763
0.19700768055728524,45115.597587279335
0.1977177755431186,45287.41909422312
0.19843131850288823,45460.152653505465
0.19914551547037845,45629.80431311288
0.19986626054554926,45804.460902472325
0.20059067571804287,45980.08628536438
0.20131884489782423,46156.69959204555
0.2020508129095683,46334.3123954553
0.20278667880625603,46512.9506914648
0.20352522182014013,46690.82697921584
0.20426908537440008,46871.56414318737
0.20501705612393475,47053.3791049538
0.20576923238403869,47236.29653749436
0.20652565611761245,47420.327659239876
0.20728641802410075,47605.49600360106
0.20788065604504827,47788.33064606074
0.2086512993450775,47975.00476045489
0.20942654786801138,48162.86393934984
0.21020023116133357,48352.47717623013
0.21098489001777315,48542.802467604866
0.21177441874343583,48734.38360239491
0.21256887790721848,48927.235348044436
0.21336835533700166,49121.38138076723
0.21417292958718107,49316.84388984011
0.21498269159848984,49513.6495651572
0.21579774558742637,49711.825493248136
0.21661819982459735,49911.399252420684
0.21744412161597537,50112.38947722617
0.21827561489127673,50314.823548547094
0.21911277431911388,50518.72344199115
0.2199557389922584,50724.12672154939
0.2208046017808881,50931.06061530502
0.2216594239645205,51139.54252809641
0.22252034625584294,51349.609773295226
0.22338750492875467,51561.29591569246
0.22426095070913457,51774.6154531915
0.22514086505403463,51989.616518460185
0.22602730657267397,52206.31857502173
0.22692043646768723,52424.76428797138
0.22782032306606034,52644.973702219315
0.22872713806590392,52866.9892222452
0.22964099817630143,53090.8424484053
0.23071639746607894,53349.67143757284
0.23164383702197205,53578.429953891115
0.2325787050017711,53809.135103849214
0.23352116324214092,54041.82885494941
0.23447133379304963,54276.54425414305
0.2354293803921012,54513.324872075405
0.2363954155209346,54752.20167273652
0.23737425302030465,54995.52391731511
0.2382247619286609,55189.069031320105
0.2392166075701919,55433.33663669675
0.24021713367846093,55679.891668460994
0.24122642360973615,55928.76155997543
0.24224468450735864,56180.00484425567
0.24326691949967527,56435.047052966176
0.24430363842374245,56691.17448844436
0.24534986477058754,56949.8269762282
0.24640574673744986,57211.04906302191
0.24747149865161952,57474.90146797761
0.24854732872092897,57741.440011031045
0.24963342901509528,58010.71872422349
0.25073000110565197,58282.79664787845
0.2518372452206332,58557.730906080724
0.25295541724913806,58835.59698221354
0.2540847039038746,59116.44778945607
0.25522535363891447,59400.35137293655
0.2563775803709541,59687.36077328594
0.2575416999492972,59977.568866587564
0.25871783995252934,60271.02007245095
0.2599063410328624,60567.81065424829
0.26110745926050566,60868.01383978829
0.26232145799183404,61171.70468868605
0.26354864063827355,61478.969768163704
0.26478922655443904,61789.871234329294
0.2660436236538852,62104.52242694634
0.26731202172013446,62422.987628996154
0.26859479273058395,62745.37232678732
0.26989225673405226,63071.76973538198
0.27120472283614483,63402.270825870524
0.27234257154224006,63770.18306116074
0.2736856738549002,64109.15169513671
0.2750449235992994,64452.44662046757
0.2764207180440785,64800.18498029818
0.2778133779265059,65152.46502028589
0.2792232250255947,65509.42460501531
0.28085833184919523,65845.98586319997
0.2823035399111516,66213.63052087736
0.28376735702315037,66586.41072599245
0.2852500741406001,66964.39892789871
0.28675218380109624,67347.72965440847
0.28827425783719585,67736.56009511049
0.28981673523224155,68131.02351793699
0.2913801884286343,68531.27612249447
0.2929651727004322,68937.48429899513
0.29457206785827234,69349.65894402738
0.29620236326983984,69768.83328654736
0.2978387637216919,70180.47562563223
0.29953649755631767,70630.43578550016
0.3012384076871703,71069.63551149056
0.3029656327839286,71515.89349226083
0.30471877595308255,71969.40140166404
0.30649866581262614,72430.38637601862
0.30830597940095533,72899.04476365767
0.3101383917943374,73371.4979342594
0.31200309938894377,73856.2565378465
0.3138977630566899,74349.42391485233
0.3158233057619844,74851.26615952283
0.3177806410664686,75362.08163995515
0.31977082234640536,75882.14311787064
0.32179468283536816,76411.67081649102
0.32385337203776904,76951.02054448552
0.32594807085806815,77500.52738676315
0.32807979097135975,78060.49549637348
0.33024995538291557,78631.3495958922
0.33245957925096536,79213.32260373406
0.3347102116019325,79806.97727860154
0.3370036262418162,80413.11695417705
0.339340116937123,81031.0975147061
0.341722150708371,81662.13448226411
0.34415116192298867,82306.65696241008
0.34662871807576323,82965.15191986653
0.34915692600876813,83638.23043503935
0.3517372912951804,84326.34261678476
0.3543719839560906,85030.11917914604
0.3570631336212313,85750.28635125048
0.35981275468115403,86487.46279295551
0.36256630790166366,87182.43513895021
0.36546331147682354,87985.47936561871
0.36842266494742776,88799.35603961184
0.37145493115540773,89624.52175126027
0.3745235682602136,90454.56249648753
0.377655528794979,91296.25596862688
0.38084204500611296,92124.51416112232
0.3840703662702589,92993.47373670893
0.3873914486607267,93935.86751444942
0.3910399908480943,94914.34050149494
0.39474437743973606,95948.66300218496
0.39813477726222113,96883.3800032716
0.40191202966838985,97927.10618852377
0.4058478829295054,98992.44031623962
0.40989095269256764,100100.78572813865
0.4140460186997674,101257.74416067624
0.41831551422808133,102461.45355229727
0.42271222901984395,103708.61934563337
0.42721896893041816,104966.99096652432
0.43189167433299974,106290.89557682449
0.436722628181978,107665.87293284012
0.4417216407489341,109095.38593623327
0.4468990631836799,110582.99652920105
0.4522663180645896,112132.68524455225
0.4574221831974772,113720.0092780383
0.46365011885743446,115457.38409853147
0.46972431850175195,117213.17190355042
0.4756602439951726,118932.95919571663
0.48228873959085133,120845.44939238964
0.4893103691662265,122980.35092742999
0.4963973474877618,125111.69599320096
0.503849684803681,127345.67914817105
0.5111524154761868,129616.61443263748
0.5195080387583054,132076.03592625837
0.5285047686977139,134846.8500793448
0.5371975906122181,137544.98355531937
0.547207975192374,140677.50139039903
0.5570826170725285,143743.6483877771
0.5675630395334562,147255.8906241532
0.5790302600118931,150977.70967981612
0.5917800052039082,154939.17476041635
0.6049712649193953,159313.17127756024
0.6192618844881206,164173.66854650038
0.6345896258616722,169420.58374069017
0.6510911341586539,175152.01483375777
0.6689793147802522,181684.7552364753
0.6896064704084044,189124.82893189785
0.711270586327204,197273.46249852696
0.7359863867737304,207001.39159677282
0.7629991470897748,218157.3479311622
0.7949468744295303,231765.62936579765
0.8311044561782523,248285.79926938273
0.8719385324555572,269062.0488883744
0.9207405895536481,297066.21980978985
0.9780941178023408,337656.8127454088
1.0376526287021464,404030.0307808728
1.034136799992804,550095.4457224074
0.9740776052651764,623267.4766466282
0.9544884781250408,641133.349228131
0.939208333744962,654165.8407258167
0.9255442054847448,664633.4213757335
0.913817842167245,674064.8601345695
0.9024599376461738,682270.1784912521
0.8920764593702086,689951.4855886917
0.8820159483983646,697033.1141270613
0.8723482634045497,703682.8528459885
0.8629941103771764,709981.4527681641
0.8538235946657938,715935.8443495256
0.8449972334655047,721721.4179649845
0.8362931735972383,727344.1059940157
0.8277978475266775,732759.1335269122
0.8194651683584063,738006.992576488
0.8112659181077154,743116.4931132266
0.8031659593983568,748120.3051690717
0.7951673909420162,753033.3678975431
0.7872804869822431,757882.9508097264
0.7796375245034836,762669.2367973535
0.7720438824110138,767469.1172065991
0.7638358366222691,771723.9568714497
0.7558421203807767,776089.809405004
0.7479272882773519,780458.4992760129
0.7400973401012344,784780.9108016662
0.7328329297562182,789206.3138785765
0.7252679740509106,793432.3188257066
0.7176283551133508,797666.8280670516
0.7100242958757713,801849.1250212115
0.7024020204660875,806009.7751611975
0.6946517468887523,810078.8335431453
0.6871485965666456,814187.3554943708
0.6797138942327122,818237.9820782023
0.6722583432369185,822281.1615837639
0.6648184158518332,826298.8291239225
0.6573682983586157,830307.1766952317
0.6500065091271582,834256.5126418961
0.6425907846962944,838228.163717005
0.6351586346553468,842211.2892944553
0.6279112606816253,846119.5543158988
0.6206704658588823,850093.5072338115
0.6137610348685375,854244.6777719094
0.6058844029717907,857924.6433515138
0.5979283232572659,861726.0946498225
0.59012615966128,865570.7303302546
0.5823720246209031,869435.796321371
0.5746348292293764,873302.7394659172
0.5668151528119393,877209.46813962
0.5592079329175003,881003.4365476831
0.5522421504921362,884855.0946302203
0.5446124290007164,888700.0472627843
0.536989285337507,892529.3041712433
0.5293280434664516,896365.4998046517
0.5215855881325272,900230.2328622765
0.5134179766633183,904082.3459219161
0.5058063166123933,907910.319326451
0.49807625166349057,911788.7060375524
0.49050754119362927,915577.7059591181
0.48282059783285397,919417.8599882709
0.4750760108945467,923279.1485032643
0.4671921529283196,927202.5442737174
0.4595240725642841,931012.0409779412
0.45172218660878255,934882.0442535301
0.4438643675054966,938774.408773941
0.43599756249900806,942666.6121031531
0.42813077483247064,946555.1296535758
0.4202589504767745,950443.3757140278
0.4123276587623116,954359.403127029
0.404423272716584,958263.0834333601
0.39646832319446135,962195.7574962111
0.388416604034304,966185.6081840477
0.38046205837825015,970146.3844902673
0.3726359647369105,974083.8613823401
0.3646662968905023,978149.3410811975
0.3569945412080398,982279.0404354064
0.34878662443294284,986295.2256506728
0.339968543492674,990146.9700876555
0.33142957865616474,994067.3382291346
0.3227361186022613,998126.4065864788
0.31412910190916893,1002187.5880065891
0.3056036361022673,1006230.3675156591
0.29695638556068943,1010342.2049472237
0.28838892633331187,1014422.8440367458
0.2797298074272924,1018551.4375975102
0.2710923063033444,1022672.5296036673
0.26221843550613805,1026908.3356280157
0.25352057970493513,1031061.4073193846
0.244722325110262,1035263.2904845534
0.2369506093881887,1039488.2090642763
0.2282651123963198,1043684.3250245714
0.21940528653312463,1047965.5543599009
0.2105448569582025,1052248.2308070275
0.2016986785858896,1056525.4296346314
0.19255169927515492,1060949.8239861645
0.1837685091412548,1065200.1918022742
0.18163986705875493,1070220.3411794682
0.16507477751758928,1074018.0776305294
0.15615517197783213,1078392.3303220146
0.14699154297078224,1082890.3156540175
0.13794676449517237,1087334.4051494203
0.12899512314197384,1091737.4715670208
0.11955665305990194,1096385.5287736712
0.11040375735506663,1100898.7965789314
0.10119311541536266,1105446.7708883476
0.09189046002020512,1110046.9566118869
0.08265652877170984,1114620.3301183332
0.07313875163695108,1119342.2318281203
0.06387505518031796,1123946.2923389722
0.05423834253995083,1128744.8478995913
0.04478175614036325,1133463.2592399023
0.03512731870453801,1138290.7116432902
0.02573791966583246,1142996.173955825
0.015750494506086413,1148012.4445583767
0.0063481878748809254,1152746.8989531545
-0.0035047572608042366,1157721.6075143882
-0.013277131376766692,1162669.9990062246
-0.023209773205404766,1167715.2475492314
-0.03295244900832043,1172680.5849761674
-0.042840582547840386,1177738.336658282
-0.052690088437727496,1182796.5363297877
-0.06276870438998063,1187995.9351890713
-0.0726974546630365,1193145.102910223
-0.0827003116046307,1198365.9167752026
-0.09263907968981358,1203596.90098874
-0.10272264717234757,1208971.6558021288
-0.11242222093971453,1214265.9364505862
-0.12230303215448225,1219807.3447015097
-0.13134278284543105,1225517.643533073
-0.14309867408091145,1230551.322623351
-0.1543896413611574,1236101.3802580168
-0.16535580310795983,1241644.326244816
-0.17629581936344502,1247276.1818815474
-0.17709433961824947,1253775.856819905
-0.18734600255508713,1259313.1647590871
-0.1981735375158386,1265198.1071226324
-0.2088777549800089,1271050.8689967305
-0.2194985053678459,1276891.2958640414
-0.23011826346990888,1282764.0132574383
-0.24109015132354922,1288865.9478011748
-0.25166698570187024,1294781.562630077
-0.2625670779413643,1300912.6068464427
-0.27276724190709384,1306923.4701861097
-0.2838144435561546,1313227.9350316946
-0.2946774090473226,1319466.151640656
-0.30559406836886915,1325775.1652689765
-0.3166501546893563,1332206.7595258884
-0.3274871003911839,1338553.0701775786
-0.33846900732501184,1345028.1104479958
-0.34989257039968735,1351644.887092612
-0.3612217568875089,1358446.3775229002
-0.3722338792795242,1365107.4601778032
-0.3833171195419959,1371862.8987281474
-0.3943310218423362,1378628.7582879427
-0.40571623807441554,1385679.754579031
-0.4169078044916201,1392669.2339166827
-0.4277242507511262,1399481.3294487707
-0.4395027493686053,1406965.1181463846
-0.45062013725474603,1414093.9870928873
-0.46203931192645026,1421484.6025008487
-0.47317549771440204,1428761.054405475
-0.48448151549135005,1436220.731122238
-0.4956829646588398,1443685.8839729251
-0.5069884781751103,1451298.4234048424
-0.5183126988509891,1459005.2232591542
-0.5297210763164443,1466855.2529632463
-0.5408274751162234,1474583.6322574215
-0.5526338558475322,1482896.4928382735
-0.5639027740758235,1490928.7478316224
-0.5751705830175802,1499060.2437469938
-0.5865051608957838,1507345.8062975588
-0.5978236277167852,1515731.1691438805
-0.6090660031151504,1524176.957918084
-0.6201533713656064,1532627.8284633015
-0.6318535083966921,1541687.3091813428
-0.6429388351480585,1550419.765234633
-0.6538111305175413,1559151.5496115333
-0.6649762025279478,1568359.2111512334
-0.675751111980797,1577665.299034067
-0.6871513675355861,1586775.3938049856
-0.6986300617986938,1596179.1087465403
-0.709987043292155,1605751.8963648756
-0.7214859580511758,1615673.2562179274
-0.7326033260487191,1625464.4270214594
-0.7435160634398238,1635264.7205704816
-0.7550730686301026,1645853.4422199843
-0.7656402786218848,1655731.5907055056
-0.7766479222218767,1666230.1358520794
-0.7876221090320814,1676919.423484829
-0.7967848661490015,1687300.273291793
-0.8073105313344611,1698207.9440868013
-0.8176269955253883,1709165.239668906
-0.8280225422883015,1720493.19932113
-0.8381851378552312,1731866.9259447476
-0.848112406409564,1743286.0875146731
-0.8581061112790382,1755115.354520885
-0.8694239337355111,1767260.7147658395
-0.8787889425512868,1779371.0046445003
-0.8878598040380123,1791506.226933096
-0.8970341596042983,1804231.507922695
-0.9056564852760359,1816653.9222802424
-0.9141034052953387,1829312.445454647
-0.9227714352852429,1842871.6873715615
-0.9306999467980229,1855849.746655206
-0.9387987342534556,1869760.3815146063
-0.94613300207184,1883018.1477446763
-0.9537385983909077,1897544.4992691304
-0.9605839823629225,1911421.3541229395
-0.9673360538010769,1926005.8679661194
-0.9737104224957484,1940772.7716610676
-0.9799890530386226,1956504.9775396155
-0.9853384622030947,1971097.0729262223
-0.9906754617633937,1987095.833424058
-0.995465748353791,2003139.9378090191
-0.9996186374710948,2018935.8539297318
-1.003452191463882,2036040.8572489852
-1.006421614178938,2052622.4047527888
-1.0085217051196753,2069258.9887678053
-1.0102976481135633,2086905.21599095
-1.0133768243535566,2105088.4769877535
-1.0154151431291554,2123439.97655386
-1.0165756325064312,2142399.1190627734
-1.0169520440421784,2160936.8209532527
-1.0166091805184072,2180162.187022431
-1.0154399074691185,2200853.094012568
-1.0134668735972634,2221517.986020978
-1.0107538158010314,2241871.1941367136
-1.0038190656079784,2262722.917704903
-0.9986974714575313,2284841.017027312
-0.9925902789499009,2307307.584707698
-0.9858212100727051,2329056.071360188
-0.9774200433275183,2352965.8885351853
-0.9680736854813516,2376767.104698163
-0.961534398764837,2400194.123694241
-0.9485587936318121,2425327.6547990083
-0.9344018489501577,2450646.2755273185
-0.918079748080104,2477698.6939158477
-0.900364451362839,2505000.8713656445
-0.8812077750349018,2532587.483614389
-0.8617538679820514,2558920.1560207987
-0.8383885973049214,2588703.6672906238
-0.8133810251867307,2618732.932954207
-0.7861033032224732,2649677.9368307297
-0.757358463603184,2680572.1143157575
-0.725637039913495,2712938.815668967
-0.6905497610803079,2746944.7910088743
-0.6531870982572395,2781379.477395408
-0.6142461838362153,2815572.4803663897
-0.5693802095930697,2853044.2742656493
-0.5233138146296049,2889463.406065032
-0.47840042871209476,2927751.8977181455
-0.4214625917017199,2967132.9761229726
-0.3659481667013175,3008115.798869297
-0.3066039572187808,3049791.694849625
-0.24039615325463148,3094403.9914499302
-0.17279354246154952,3138252.6114987964
-0.09713674760194636,3185578.719646848
-0.019113871784614832,3232709.113480812
0.06767446193901065,3283396.2551256074
0.16731029861853583,3335306.5738073024
0.26566824963932467,3388416.3209272753
0.37290891110021407,3444503.7355013024
0.47647768514646704,3501713.296139241
0.5986967409747651,3560309.0436007124
0.7351594014921257,3623819.755010151
0.8760188797822231,3687480.9283059374
1.02772323546464,3754174.0112411478
1.1938966174430776,3825207.3158096317
1.3711937329764021,3898863.6173777366
1.5662666255852045,3977635.642250674
1.7614333040509182,4054317.993715867
1.9787962003823254,4137479.656199666
2.2145545327017366,4225285.2071398245
2.4668708854084214,4316782.433794851
2.739605509464998,4413086.636797403
3.0167071121459172,4508661.044284425
3.365437066937799,4621772.699212685
3.6837074037689006,4730186.373294196
4.036807875686322,4843844.879057191
4.444648625483974,4971966.881598551
4.860787330450507,5099729.529145038
5.293229480528425,5229757.8483566
5.820784669198148,5385174.786444657
6.352971433390601,5538971.635485121
6.91650201802422,5699104.030093107
7.5113998087648515,5877831.136238889
8.292941928085165,6066633.343593937
9.076630452380824,6269367.036037751
9.942808168583209,6489604.932894235
10.81808502012905,6708797.403447324
11.855034991327093,6964289.227108671
13.01358845419571,7244345.675173885
14.231297629162631,7532807.688968647
15.642535034108947,7860090.222552483
17.086442683481497,8190921.658837805
18.8568894053378,8578684.769168505
20.81062699630868,8998933.175695365
22.994317328720914,9463245.923758758
25.41344913893011,9971636.455101239
28.121491702425317,10534539.310501348
28.121491702425317,10534539.310501348
