mq,lambda1,order
0.0,0.0,0.0
10.0,6.0,1.0
10.0,5.6,2.0
10.0,5.8,1.0
10.0,5.7,1.0
10.0,5.65,1.0
10.0,5.625,2.0
10.0,5.6375,2.0
9.9,6.0,1.0
9.9,5.6,2.0
9.9,5.8,1.0
9.9,5.7,1.0
9.9,5.65,1.0
9.9,5.625,2.0
9.9,5.6375,1.0
9.8,6.0,1.0
9.8,5.6,2.0
9.8,5.8,1.0
9.8,5.7,1.0
9.8,5.65,1.0
9.8,5.625,1.0
9.8,5.6125,2.0
9.700000000000001,6.0,1.0
9.700000000000001,5.6,2.0
9.700000000000001,5.8,1.0
9.700000000000001,5.7,1.0
9.700000000000001,5.65,1.0
9.700000000000001,5.625,1.0
9.700000000000001,5.6125,1.0
9.600000000000001,6.0,1.0
9.600000000000001,5.6,1.0
9.600000000000001,5.199999999999999,2.0
9.600000000000001,5.3999999999999995,2.0
9.600000000000001,5.5,2.0
9.600000000000001,5.55,2.0
9.600000000000001,5.574999999999999,2.0
9.600000000000001,5.5874999999999995,2.0
9.500000000000002,6.0,1.0
9.500000000000002,5.6,1.0
9.500000000000002,5.199999999999999,2.0
9.500000000000002,5.3999999999999995,2.0
9.500000000000002,5.5,2.0
9.500000000000002,5.55,2.0
9.500000000000002,5.574999999999999,2.0
9.500000000000002,5.5874999999999995,1.0
9.400000000000002,6.0,1.0
9.400000000000002,5.6,1.0
9.400000000000002,5.199999999999999,2.0
9.400000000000002,5.3999999999999995,2.0
9.400000000000002,5.5,2.0
9.400000000000002,5.55,2.0
9.400000000000002,5.574999999999999,1.0
9.400000000000002,5.562499999999999,2.0
9.300000000000002,6.0,1.0
9.300000000000002,5.6,1.0
9.300000000000002,5.199999999999999,2.0
9.300000000000002,5.3999999999999995,2.0
9.300000000000002,5.5,2.0
9.300000000000002,5.55,2.0
9.300000000000002,5.574999999999999,1.0
9.300000000000002,5.562499999999999,1.0
9.200000000000003,6.0,1.0
9.200000000000003,5.6,1.0
9.200000000000003,5.199999999999999,2.0
9.200000000000003,5.3999999999999995,2.0
9.200000000000003,5.5,2.0
9.200000000000003,5.55,1.0
9.200000000000003,5.5249999999999995,2.0
9.200000000000003,5.5375,2.0
9.100000000000003,6.0,1.0
9.100000000000003,5.6,1.0
9.100000000000003,5.199999999999999,2.0
9.100000000000003,5.3999999999999995,2.0
9.100000000000003,5.5,2.0
9.100000000000003,5.55,1.0
9.100000000000003,5.5249999999999995,2.0
9.100000000000003,5.5375,1.0
9.000000000000004,6.0,1.0
9.000000000000004,5.6,1.0
9.000000000000004,5.199999999999999,2.0
9.000000000000004,5.3999999999999995,2.0
9.000000000000004,5.5,2.0
9.000000000000004,5.55,1.0
9.000000000000004,5.5249999999999995,1.0
9.000000000000004,5.512499999999999,2.0
8.900000000000004,6.0,1.0
8.900000000000004,5.6,1.0
8.900000000000004,5.199999999999999,2.0
8.900000000000004,5.3999999999999995,2.0
8.900000000000004,5.5,2.0
8.900000000000004,5.55,1.0
8.900000000000004,5.5249999999999995,1.0
8.900000000000004,5.512499999999999,1.0
8.800000000000004,6.0,1.0
8.800000000000004,5.6,1.0
8.800000000000004,5.199999999999999,2.0
8.800000000000004,5.3999999999999995,2.0
8.800000000000004,5.5,1.0
8.800000000000004,5.45,2.0
8.800000000000004,5.475,2.0
8.800000000000004,5.4875,2.0
8.700000000000005,6.0,1.0
8.700000000000005,5.6,1.0
8.700000000000005,5.199999999999999,2.0
8.700000000000005,5.3999999999999995,2.0
8.700000000000005,5.5,1.0
8.700000000000005,5.45,2.0
8.700000000000005,5.475,2.0
8.700000000000005,5.4875,1.0
8.600000000000005,6.0,1.0
8.600000000000005,5.6,1.0
8.600000000000005,5.199999999999999,2.0
8.600000000000005,5.3999999999999995,2.0
8.600000000000005,5.5,1.0
8.600000000000005,5.45,2.0
8.600000000000005,5.475,1.0
8.600000000000005,5.4624999999999995,2.0
8.500000000000005,6.0,1.0
8.500000000000005,5.6,1.0
8.500000000000005,5.199999999999999,2.0
8.500000000000005,5.3999999999999995,2.0
8.500000000000005,5.5,1.0
8.500000000000005,5.45,2.0
8.500000000000005,5.475,2.0
8.500000000000005,5.4875,1.0
8.400000000000006,6.0,1.0
8.400000000000006,5.6,1.0
8.400000000000006,5.199999999999999,2.0
8.400000000000006,5.3999999999999995,2.0
8.400000000000006,5.5,1.0
8.400000000000006,5.45,2.0
8.400000000000006,5.475,1.0
8.400000000000006,5.4624999999999995,2.0
8.300000000000006,6.0,1.0
8.300000000000006,5.6,1.0
8.300000000000006,5.199999999999999,2.0
8.300000000000006,5.3999999999999995,2.0
8.300000000000006,5.5,1.0
8.300000000000006,5.45,2.0
8.300000000000006,5.475,1.0
8.300000000000006,5.4624999999999995,1.0
8.200000000000006,6.0,1.0
8.200000000000006,5.6,1.0
8.200000000000006,5.199999999999999,2.0
8.200000000000006,5.3999999999999995,2.0
8.200000000000006,5.5,1.0
8.200000000000006,5.45,1.0
8.200000000000006,5.425,2.0
8.200000000000006,5.4375,2.0
8.100000000000007,6.0,1.0
8.100000000000007,5.6,1.0
8.100000000000007,5.199999999999999,2.0
8.100000000000007,5.3999999999999995,2.0
8.100000000000007,5.5,1.0
8.100000000000007,5.45,1.0
8.100000000000007,5.425,2.0
8.100000000000007,5.4375,1.0
8.000000000000007,6.0,1.0
8.000000000000007,5.6,1.0
8.000000000000007,5.199999999999999,2.0
8.000000000000007,5.3999999999999995,2.0
8.000000000000007,5.5,1.0
8.000000000000007,5.45,1.0
8.000000000000007,5.425,1.0
8.000000000000007,5.4125,2.0
7.9000000000000075,6.0,1.0
7.9000000000000075,5.6,1.0
7.9000000000000075,5.199999999999999,2.0
7.9000000000000075,5.3999999999999995,2.0
7.9000000000000075,5.5,1.0
7.9000000000000075,5.45,1.0
7.9000000000000075,5.425,1.0
7.9000000000000075,5.4125,1.0
7.800000000000008,6.0,1.0
7.800000000000008,5.6,1.0
7.800000000000008,5.199999999999999,2.0
7.800000000000008,5.3999999999999995,1.0
7.800000000000008,5.3,2.0
7.800000000000008,5.35,2.0
7.800000000000008,5.374999999999999,2.0
7.800000000000008,5.387499999999999,2.0
7.700000000000008,6.0,1.0
7.700000000000008,5.6,1.0
7.700000000000008,5.199999999999999,2.0
7.700000000000008,5.3999999999999995,1.0
7.700000000000008,5.3,2.0
7.700000000000008,5.35,2.0
7.700000000000008,5.374999999999999,2.0
7.700000000000008,5.387499999999999,2.0
7.6000000000000085,6.0,1.0
7.6000000000000085,5.6,1.0
7.6000000000000085,5.199999999999999,2.0
7.6000000000000085,5.3999999999999995,1.0
7.6000000000000085,5.3,2.0
7.6000000000000085,5.35,2.0
7.6000000000000085,5.374999999999999,2.0
7.6000000000000085,5.387499999999999,1.0
7.500000000000009,6.0,1.0
7.500000000000009,5.6,1.0
7.500000000000009,5.199999999999999,2.0
7.500000000000009,5.3999999999999995,1.0
7.500000000000009,5.3,2.0
7.500000000000009,5.35,2.0
7.500000000000009,5.374999999999999,1.0
7.500000000000009,5.362499999999999,2.0
7.400000000000009,6.0,1.0
7.400000000000009,5.6,1.0
7.400000000000009,5.199999999999999,2.0
7.400000000000009,5.3999999999999995,1.0
7.400000000000009,5.3,2.0
7.400000000000009,5.35,2.0
7.400000000000009,5.374999999999999,1.0
7.400000000000009,5.362499999999999,1.0
7.30000000000001,6.0,1.0
7.30000000000001,5.6,1.0
7.30000000000001,5.199999999999999,2.0
7.30000000000001,5.3999999999999995,1.0
7.30000000000001,5.3,2.0
7.30000000000001,5.35,1.0
7.30000000000001,5.324999999999999,2.0
7.30000000000001,5.3374999999999995,2.0
7.20000000000001,6.0,1.0
7.20000000000001,5.6,1.0
7.20000000000001,5.199999999999999,1.0
7.20000000000001,4.799999999999999,2.0
7.20000000000001,4.999999999999999,2.0
7.20000000000001,5.1,2.0
7.20000000000001,5.1499999999999995,1.0
7.20000000000001,5.124999999999999,1.0
7.20000000000001,5.112499999999999,1.0
7.10000000000001,6.0,1.0
7.10000000000001,5.6,1.0
7.10000000000001,5.199999999999999,2.0
7.10000000000001,5.3999999999999995,1.0
7.10000000000001,5.3,2.0
7.10000000000001,5.35,1.0
7.10000000000001,5.324999999999999,2.0
7.10000000000001,5.3374999999999995,1.0
7.000000000000011,6.0,1.0
7.000000000000011,5.6,1.0
7.000000000000011,5.199999999999999,1.0
7.000000000000011,4.799999999999999,2.0
7.000000000000011,4.999999999999999,2.0
7.000000000000011,5.1,2.0
7.000000000000011,5.1499999999999995,1.0
7.000000000000011,5.124999999999999,1.0
7.000000000000011,5.112499999999999,1.0
6.900000000000011,6.0,1.0
6.900000000000011,5.6,1.0
6.900000000000011,5.199999999999999,1.0
6.900000000000011,4.799999999999999,2.0
6.900000000000011,4.999999999999999,2.0
6.900000000000011,5.1,2.0
6.900000000000011,5.1499999999999995,1.0
6.900000000000011,5.124999999999999,1.0
6.900000000000011,5.112499999999999,2.0
6.800000000000011,6.0,1.0
6.800000000000011,5.6,1.0
6.800000000000011,5.199999999999999,1.0
6.800000000000011,4.799999999999999,2.0
6.800000000000011,4.999999999999999,2.0
6.800000000000011,5.1,2.0
6.800000000000011,5.1499999999999995,1.0
6.800000000000011,5.124999999999999,1.0
6.800000000000011,5.112499999999999,2.0
6.700000000000012,6.0,1.0
6.700000000000012,5.6,1.0
6.700000000000012,5.199999999999999,1.0
6.700000000000012,4.799999999999999,2.0
6.700000000000012,4.999999999999999,2.0
6.700000000000012,5.1,2.0
6.700000000000012,5.1499999999999995,1.0
6.700000000000012,5.124999999999999,2.0
6.700000000000012,5.137499999999999,1.0
6.600000000000012,6.0,1.0
6.600000000000012,5.6,1.0
6.600000000000012,5.199999999999999,1.0
6.600000000000012,4.799999999999999,2.0
6.600000000000012,4.999999999999999,2.0
6.600000000000012,5.1,2.0
6.600000000000012,5.1499999999999995,1.0
6.600000000000012,5.124999999999999,2.0
6.600000000000012,5.137499999999999,1.0
6.500000000000012,6.0,1.0
6.500000000000012,5.6,1.0
6.500000000000012,5.199999999999999,1.0
6.500000000000012,4.799999999999999,2.0
6.500000000000012,4.999999999999999,2.0
6.500000000000012,5.1,2.0
6.500000000000012,5.1499999999999995,1.0
6.500000000000012,5.124999999999999,2.0
6.500000000000012,5.137499999999999,2.0
6.400000000000013,6.0,1.0
6.400000000000013,5.6,1.0
6.400000000000013,5.199999999999999,1.0
6.400000000000013,4.799999999999999,2.0
6.400000000000013,4.999999999999999,2.0
6.400000000000013,5.1,2.0
6.400000000000013,5.1499999999999995,1.0
6.400000000000013,5.124999999999999,2.0
6.400000000000013,5.137499999999999,2.0
6.300000000000013,6.0,1.0
6.300000000000013,5.6,1.0
6.300000000000013,5.199999999999999,1.0
6.300000000000013,4.799999999999999,2.0
6.300000000000013,4.999999999999999,2.0
6.300000000000013,5.1,2.0
6.300000000000013,5.1499999999999995,2.0
6.300000000000013,5.174999999999999,1.0
6.300000000000013,5.162499999999999,1.0
6.2000000000000135,6.0,1.0
6.2000000000000135,5.6,1.0
6.2000000000000135,5.199999999999999,1.0
6.2000000000000135,4.799999999999999,2.0
6.2000000000000135,4.999999999999999,2.0
6.2000000000000135,5.1,2.0
6.2000000000000135,5.1499999999999995,2.0
6.2000000000000135,5.174999999999999,1.0
6.2000000000000135,5.162499999999999,1.0
6.100000000000014,6.0,1.0
6.100000000000014,5.6,1.0
6.100000000000014,5.199999999999999,1.0
6.100000000000014,4.799999999999999,2.0
6.100000000000014,4.999999999999999,2.0
6.100000000000014,5.1,2.0
6.100000000000014,5.1499999999999995,2.0
6.100000000000014,5.174999999999999,1.0
6.100000000000014,5.162499999999999,1.0
6.000000000000014,6.0,1.0
6.000000000000014,5.6,1.0
6.000000000000014,5.199999999999999,1.0
6.000000000000014,4.799999999999999,2.0
6.000000000000014,4.999999999999999,2.0
6.000000000000014,5.1,2.0
6.000000000000014,5.1499999999999995,1.0
6.000000000000014,5.124999999999999,2.0
6.000000000000014,5.137499999999999,2.0
5.900000000000015,6.0,1.0
5.900000000000015,5.6,1.0
5.900000000000015,5.199999999999999,1.0
5.900000000000015,4.799999999999999,2.0
5.900000000000015,4.999999999999999,2.0
5.900000000000015,5.1,2.0
5.900000000000015,5.1499999999999995,2.0
5.900000000000015,5.174999999999999,1.0
5.900000000000015,5.162499999999999,1.0
5.800000000000015,6.0,1.0
5.800000000000015,5.6,1.0
5.800000000000015,5.199999999999999,1.0
5.800000000000015,4.799999999999999,2.0
5.800000000000015,4.999999999999999,2.0
5.800000000000015,5.1,2.0
5.800000000000015,5.1499999999999995,1.0
5.800000000000015,5.124999999999999,2.0
5.800000000000015,5.137499999999999,2.0
5.700000000000015,6.0,1.0
5.700000000000015,5.6,1.0
5.700000000000015,5.199999999999999,1.0
5.700000000000015,4.799999999999999,2.0
5.700000000000015,4.999999999999999,2.0
5.700000000000015,5.1,2.0
5.700000000000015,5.1499999999999995,2.0
5.700000000000015,5.174999999999999,1.0
5.700000000000015,5.162499999999999,2.0
5.600000000000016,6.0,1.0
5.600000000000016,5.6,1.0
5.600000000000016,5.199999999999999,1.0
5.600000000000016,4.799999999999999,2.0
5.600000000000016,4.999999999999999,2.0
5.600000000000016,5.1,2.0
5.600000000000016,5.1499999999999995,2.0
5.600000000000016,5.174999999999999,1.0
5.600000000000016,5.162499999999999,1.0
5.500000000000016,6.0,1.0
5.500000000000016,5.6,1.0
5.500000000000016,5.199999999999999,1.0
5.500000000000016,4.799999999999999,2.0
5.500000000000016,4.999999999999999,2.0
5.500000000000016,5.1,2.0
5.500000000000016,5.1499999999999995,2.0
5.500000000000016,5.174999999999999,2.0
5.500000000000016,5.187499999999999,1.0
5.400000000000016,6.0,1.0
5.400000000000016,5.6,1.0
5.400000000000016,5.199999999999999,1.0
5.400000000000016,4.799999999999999,2.0
5.400000000000016,4.999999999999999,2.0
5.400000000000016,5.1,2.0
5.400000000000016,5.1499999999999995,2.0
5.400000000000016,5.174999999999999,1.0
5.400000000000016,5.162499999999999,2.0
5.300000000000017,6.0,1.0
5.300000000000017,5.6,1.0
5.300000000000017,5.199999999999999,1.0
5.300000000000017,4.799999999999999,2.0
5.300000000000017,4.999999999999999,2.0
5.300000000000017,5.1,2.0
5.300000000000017,5.1499999999999995,2.0
5.300000000000017,5.174999999999999,2.0
5.300000000000017,5.187499999999999,1.0
5.200000000000017,6.0,1.0
5.200000000000017,5.6,1.0
5.200000000000017,5.199999999999999,1.0
5.200000000000017,4.799999999999999,2.0
5.200000000000017,4.999999999999999,2.0
5.200000000000017,5.1,2.0
5.200000000000017,5.1499999999999995,2.0
5.200000000000017,5.174999999999999,1.0
5.200000000000017,5.162499999999999,2.0
5.100000000000017,6.0,1.0
5.100000000000017,5.6,1.0
5.100000000000017,5.199999999999999,1.0
5.100000000000017,4.799999999999999,2.0
5.100000000000017,4.999999999999999,2.0
5.100000000000017,5.1,2.0
5.100000000000017,5.1499999999999995,2.0
5.100000000000017,5.174999999999999,1.0
5.100000000000017,5.162499999999999,2.0
5.000000000000018,6.0,1.0
5.000000000000018,5.6,1.0
5.000000000000018,5.199999999999999,1.0
5.000000000000018,4.799999999999999,2.0
5.000000000000018,4.999999999999999,1.0
5.000000000000018,4.8999999999999995,2.0
5.000000000000018,4.949999999999999,2.0
5.000000000000018,4.974999999999999,1.0
5.000000000000018,4.962499999999999,2.0
4.900000000000018,6.0,1.0
4.900000000000018,5.6,1.0
4.900000000000018,5.199999999999999,1.0
4.900000000000018,4.799999999999999,2.0
4.900000000000018,4.999999999999999,1.0
4.900000000000018,4.8999999999999995,2.0
4.900000000000018,4.949999999999999,2.0
4.900000000000018,4.974999999999999,1.0
4.900000000000018,4.962499999999999,1.0
4.8000000000000185,6.0,1.0
4.8000000000000185,5.6,1.0
4.8000000000000185,5.199999999999999,1.0
4.8000000000000185,4.799999999999999,2.0
4.8000000000000185,4.999999999999999,1.0
4.8000000000000185,4.8999999999999995,2.0
4.8000000000000185,4.949999999999999,2.0
4.8000000000000185,4.974999999999999,1.0
4.8000000000000185,4.962499999999999,2.0
4.700000000000019,6.0,1.0
4.700000000000019,5.6,1.0
4.700000000000019,5.199999999999999,1.0
4.700000000000019,4.799999999999999,2.0
4.700000000000019,4.999999999999999,1.0
4.700000000000019,4.8999999999999995,2.0
4.700000000000019,4.949999999999999,2.0
4.700000000000019,4.974999999999999,2.0
4.700000000000019,4.987499999999999,1.0
4.600000000000019,6.0,1.0
4.600000000000019,5.6,1.0
4.600000000000019,5.199999999999999,1.0
4.600000000000019,4.799999999999999,2.0
4.600000000000019,4.999999999999999,1.0
4.600000000000019,4.8999999999999995,2.0
4.600000000000019,4.949999999999999,2.0
4.600000000000019,4.974999999999999,1.0
4.600000000000019,4.962499999999999,2.0
4.5000000000000195,6.0,1.0
4.5000000000000195,5.6,1.0
4.5000000000000195,5.199999999999999,1.0
4.5000000000000195,4.799999999999999,2.0
4.5000000000000195,4.999999999999999,1.0
4.5000000000000195,4.8999999999999995,2.0
4.5000000000000195,4.949999999999999,2.0
4.5000000000000195,4.974999999999999,2.0
4.5000000000000195,4.987499999999999,2.0
4.40000000000002,6.0,1.0
4.40000000000002,5.6,1.0
4.40000000000002,5.199999999999999,1.0
4.40000000000002,4.799999999999999,2.0
4.40000000000002,4.999999999999999,1.0
4.40000000000002,4.8999999999999995,2.0
4.40000000000002,4.949999999999999,2.0
4.40000000000002,4.974999999999999,2.0
4.40000000000002,4.987499999999999,2.0
4.30000000000002,6.0,1.0
4.30000000000002,5.6,1.0
4.30000000000002,5.199999999999999,1.0
4.30000000000002,4.799999999999999,2.0
4.30000000000002,4.999999999999999,1.0
4.30000000000002,4.8999999999999995,2.0
4.30000000000002,4.949999999999999,2.0
4.30000000000002,4.974999999999999,2.0
4.30000000000002,4.987499999999999,1.0
4.200000000000021,6.0,1.0
4.200000000000021,5.6,1.0
4.200000000000021,5.199999999999999,1.0
4.200000000000021,4.799999999999999,2.0
4.200000000000021,4.999999999999999,1.0
4.200000000000021,4.8999999999999995,2.0
4.200000000000021,4.949999999999999,2.0
4.200000000000021,4.974999999999999,2.0
4.200000000000021,4.987499999999999,1.0
4.100000000000021,6.0,1.0
4.100000000000021,5.6,1.0
4.100000000000021,5.199999999999999,1.0
4.100000000000021,4.799999999999999,2.0
4.100000000000021,4.999999999999999,1.0
4.100000000000021,4.8999999999999995,2.0
4.100000000000021,4.949999999999999,2.0
4.100000000000021,4.974999999999999,2.0
4.100000000000021,4.987499999999999,2.0
4.000000000000021,6.0,1.0
4.000000000000021,5.6,1.0
4.000000000000021,5.199999999999999,1.0
4.000000000000021,4.799999999999999,2.0
4.000000000000021,4.999999999999999,1.0
4.000000000000021,4.8999999999999995,2.0
4.000000000000021,4.949999999999999,2.0
4.000000000000021,4.974999999999999,1.0
4.000000000000021,4.962499999999999,2.0
3.9000000000000217,6.0,1.0
3.9000000000000217,5.6,1.0
3.9000000000000217,5.199999999999999,1.0
3.9000000000000217,4.799999999999999,2.0
3.9000000000000217,4.999999999999999,1.0
3.9000000000000217,4.8999999999999995,2.0
3.9000000000000217,4.949999999999999,2.0
3.9000000000000217,4.974999999999999,2.0
3.9000000000000217,4.987499999999999,2.0
3.800000000000022,6.0,1.0
3.800000000000022,5.6,1.0
3.800000000000022,5.199999999999999,1.0
3.800000000000022,4.799999999999999,2.0
3.800000000000022,4.999999999999999,1.0
3.800000000000022,4.8999999999999995,2.0
3.800000000000022,4.949999999999999,2.0
3.800000000000022,4.974999999999999,2.0
3.800000000000022,4.987499999999999,2.0
3.7000000000000224,6.0,1.0
3.7000000000000224,5.6,1.0
3.7000000000000224,5.199999999999999,1.0
3.7000000000000224,4.799999999999999,2.0
3.7000000000000224,4.999999999999999,2.0
3.7000000000000224,5.1,1.0
3.7000000000000224,5.05,1.0
3.7000000000000224,5.0249999999999995,1.0
3.7000000000000224,5.012499999999999,1.0
3.6000000000000227,6.0,1.0
3.6000000000000227,5.6,1.0
3.6000000000000227,5.199999999999999,1.0
3.6000000000000227,4.799999999999999,2.0
3.6000000000000227,4.999999999999999,2.0
3.6000000000000227,5.1,1.0
3.6000000000000227,5.05,1.0
3.6000000000000227,5.0249999999999995,1.0
3.6000000000000227,5.012499999999999,1.0
3.500000000000023,6.0,1.0
3.500000000000023,5.6,1.0
3.500000000000023,5.199999999999999,1.0
3.500000000000023,4.799999999999999,2.0
3.500000000000023,4.999999999999999,2.0
3.500000000000023,5.1,1.0
3.500000000000023,5.05,1.0
3.500000000000023,5.0249999999999995,1.0
3.500000000000023,5.012499999999999,2.0
3.4000000000000234,6.0,1.0
3.4000000000000234,5.6,1.0
3.4000000000000234,5.199999999999999,1.0
3.4000000000000234,4.799999999999999,2.0
3.4000000000000234,4.999999999999999,2.0
3.4000000000000234,5.1,1.0
3.4000000000000234,5.05,1.0
3.4000000000000234,5.0249999999999995,1.0
3.4000000000000234,5.012499999999999,2.0
3.300000000000024,6.0,1.0
3.300000000000024,5.6,1.0
3.300000000000024,5.199999999999999,1.0
3.300000000000024,4.799999999999999,2.0
3.300000000000024,4.999999999999999,2.0
3.300000000000024,5.1,1.0
3.300000000000024,5.05,1.0
3.300000000000024,5.0249999999999995,1.0
3.300000000000024,5.012499999999999,2.0
3.200000000000024,6.0,1.0
3.200000000000024,5.6,1.0
3.200000000000024,5.199999999999999,1.0
3.200000000000024,4.799999999999999,2.0
3.200000000000024,4.999999999999999,2.0
3.200000000000024,5.1,1.0
3.200000000000024,5.05,1.0
3.200000000000024,5.0249999999999995,2.0
3.200000000000024,5.0375,1.0
3.1000000000000245,6.0,1.0
3.1000000000000245,5.6,1.0
3.1000000000000245,5.199999999999999,1.0
3.1000000000000245,4.799999999999999,2.0
3.1000000000000245,4.999999999999999,2.0
3.1000000000000245,5.1,1.0
3.1000000000000245,5.05,1.0
3.1000000000000245,5.0249999999999995,2.0
3.1000000000000245,5.0375,1.0
3.000000000000025,6.0,1.0
3.000000000000025,5.6,1.0
3.000000000000025,5.199999999999999,1.0
3.000000000000025,4.799999999999999,2.0
3.000000000000025,4.999999999999999,2.0
3.000000000000025,5.1,1.0
3.000000000000025,5.05,1.0
3.000000000000025,5.0249999999999995,2.0
3.000000000000025,5.0375,1.0
2.9000000000000252,6.0,1.0
2.9000000000000252,5.6,1.0
2.9000000000000252,5.199999999999999,1.0
2.9000000000000252,4.799999999999999,2.0
2.9000000000000252,4.999999999999999,2.0
2.9000000000000252,5.1,1.0
2.9000000000000252,5.05,1.0
2.9000000000000252,5.0249999999999995,2.0
2.9000000000000252,5.0375,2.0
2.8000000000000256,6.0,1.0
2.8000000000000256,5.6,1.0
2.8000000000000256,5.199999999999999,1.0
2.8000000000000256,4.799999999999999,2.0
2.8000000000000256,4.999999999999999,2.0
2.8000000000000256,5.1,1.0
2.8000000000000256,5.05,1.0
2.8000000000000256,5.0249999999999995,2.0
2.8000000000000256,5.0375,2.0
2.700000000000026,6.0,1.0
2.700000000000026,5.6,1.0
2.700000000000026,5.199999999999999,1.0
2.700000000000026,4.799999999999999,2.0
2.700000000000026,4.999999999999999,2.0
2.700000000000026,5.1,1.0
2.700000000000026,5.05,1.0
2.700000000000026,5.0249999999999995,1.0
2.700000000000026,5.012499999999999,1.0
2.6000000000000263,6.0,1.0
2.6000000000000263,5.6,1.0
2.6000000000000263,5.199999999999999,1.0
2.6000000000000263,4.799999999999999,2.0
2.6000000000000263,4.999999999999999,2.0
2.6000000000000263,5.1,1.0
2.6000000000000263,5.05,2.0
2.6000000000000263,5.074999999999999,1.0
2.6000000000000263,5.062499999999999,1.0
2.5000000000000266,6.0,1.0
2.5000000000000266,5.6,1.0
2.5000000000000266,5.199999999999999,1.0
2.5000000000000266,4.799999999999999,2.0
2.5000000000000266,4.999999999999999,2.0
2.5000000000000266,5.1,1.0
2.5000000000000266,5.05,2.0
2.5000000000000266,5.074999999999999,1.0
2.5000000000000266,5.062499999999999,1.0
2.400000000000027,6.0,1.0
2.400000000000027,5.6,1.0
2.400000000000027,5.199999999999999,1.0
2.400000000000027,4.799999999999999,2.0
2.400000000000027,4.999999999999999,1.0
2.400000000000027,4.8999999999999995,2.0
2.400000000000027,4.949999999999999,2.0
2.400000000000027,4.974999999999999,2.0
2.400000000000027,4.987499999999999,2.0
2.3000000000000274,6.0,1.0
2.3000000000000274,5.6,1.0
2.3000000000000274,5.199999999999999,1.0
2.3000000000000274,4.799999999999999,2.0
2.3000000000000274,4.999999999999999,1.0
2.3000000000000274,4.8999999999999995,2.0
2.3000000000000274,4.949999999999999,2.0
2.3000000000000274,4.974999999999999,2.0
2.3000000000000274,4.987499999999999,2.0
2.2000000000000277,6.0,1.0
2.2000000000000277,5.6,1.0
2.2000000000000277,5.199999999999999,1.0
2.2000000000000277,4.799999999999999,2.0
2.2000000000000277,4.999999999999999,1.0
2.2000000000000277,4.8999999999999995,2.0
2.2000000000000277,4.949999999999999,2.0
2.2000000000000277,4.974999999999999,2.0
2.2000000000000277,4.987499999999999,2.0
2.100000000000028,6.0,1.0
2.100000000000028,5.6,1.0
2.100000000000028,5.199999999999999,1.0
2.100000000000028,4.799999999999999,2.0
2.100000000000028,4.999999999999999,1.0
2.100000000000028,4.8999999999999995,2.0
2.100000000000028,4.949999999999999,2.0
2.100000000000028,4.974999999999999,1.0
2.100000000000028,4.962499999999999,2.0
2.0000000000000284,6.0,1.0
2.0000000000000284,5.6,1.0
2.0000000000000284,5.199999999999999,1.0
2.0000000000000284,4.799999999999999,2.0
2.0000000000000284,4.999999999999999,1.0
2.0000000000000284,4.8999999999999995,2.0
2.0000000000000284,4.949999999999999,2.0
2.0000000000000284,4.974999999999999,1.0
2.0000000000000284,4.962499999999999,2.0
1.9000000000000288,6.0,1.0
1.9000000000000288,5.6,1.0
1.9000000000000288,5.199999999999999,1.0
1.9000000000000288,4.799999999999999,2.0
1.9000000000000288,4.999999999999999,1.0
1.9000000000000288,4.8999999999999995,2.0
1.9000000000000288,4.949999999999999,2.0
1.9000000000000288,4.974999999999999,2.0
1.9000000000000288,4.987499999999999,1.0
1.8000000000000291,6.0,1.0
1.8000000000000291,5.6,1.0
1.8000000000000291,5.199999999999999,1.0
1.8000000000000291,4.799999999999999,2.0
1.8000000000000291,4.999999999999999,1.0
1.8000000000000291,4.8999999999999995,2.0
1.8000000000000291,4.949999999999999,2.0
1.8000000000000291,4.974999999999999,2.0
1.8000000000000291,4.987499999999999,1.0
1.7000000000000295,6.0,1.0
1.7000000000000295,5.6,1.0
1.7000000000000295,5.199999999999999,1.0
1.7000000000000295,4.799999999999999,2.0
1.7000000000000295,4.999999999999999,1.0
1.7000000000000295,4.8999999999999995,2.0
1.7000000000000295,4.949999999999999,2.0
1.7000000000000295,4.974999999999999,2.0
1.7000000000000295,4.987499999999999,2.0
1.6000000000000298,6.0,1.0
1.6000000000000298,5.6,1.0
1.6000000000000298,5.199999999999999,1.0
1.6000000000000298,4.799999999999999,2.0
1.6000000000000298,4.999999999999999,1.0
1.6000000000000298,4.8999999999999995,2.0
1.6000000000000298,4.949999999999999,2.0
1.6000000000000298,4.974999999999999,2.0
1.6000000000000298,4.987499999999999,2.0
1.5000000000000302,6.0,1.0
1.5000000000000302,5.6,1.0
1.5000000000000302,5.199999999999999,1.0
1.5000000000000302,4.799999999999999,2.0
1.5000000000000302,4.999999999999999,2.0
1.5000000000000302,5.1,1.0
1.5000000000000302,5.05,1.0
1.5000000000000302,5.0249999999999995,1.0
1.5000000000000302,5.012499999999999,1.0
1.4000000000000306,6.0,1.0
1.4000000000000306,5.6,1.0
1.4000000000000306,5.199999999999999,1.0
1.4000000000000306,4.799999999999999,2.0
1.4000000000000306,4.999999999999999,1.0
1.4000000000000306,4.8999999999999995,2.0
1.4000000000000306,4.949999999999999,2.0
1.4000000000000306,4.974999999999999,2.0
1.4000000000000306,4.987499999999999,2.0
1.300000000000031,6.0,1.0
1.300000000000031,5.6,1.0
1.300000000000031,5.199999999999999,1.0
1.300000000000031,4.799999999999999,2.0
1.300000000000031,4.999999999999999,1.0
1.300000000000031,4.8999999999999995,2.0
1.300000000000031,4.949999999999999,2.0
1.300000000000031,4.974999999999999,2.0
1.300000000000031,4.987499999999999,2.0
1.2000000000000313,6.0,1.0
1.2000000000000313,5.6,1.0
1.2000000000000313,5.199999999999999,1.0
1.2000000000000313,4.799999999999999,2.0
1.2000000000000313,4.999999999999999,1.0
1.2000000000000313,4.8999999999999995,2.0
1.2000000000000313,4.949999999999999,2.0
1.2000000000000313,4.974999999999999,2.0
1.2000000000000313,4.987499999999999,2.0
1.1000000000000316,6.0,1.0
1.1000000000000316,5.6,1.0
1.1000000000000316,5.199999999999999,1.0
1.1000000000000316,4.799999999999999,2.0
1.1000000000000316,4.999999999999999,2.0
1.1000000000000316,5.1,1.0
1.1000000000000316,5.05,1.0
1.1000000000000316,5.0249999999999995,1.0
1.1000000000000316,5.012499999999999,1.0
1.000000000000032,6.0,1.0
1.000000000000032,5.6,1.0
1.000000000000032,5.199999999999999,1.0
1.000000000000032,4.799999999999999,2.0
1.000000000000032,4.999999999999999,2.0
1.000000000000032,5.1,1.0
1.000000000000032,5.05,1.0
1.000000000000032,5.0249999999999995,1.0
1.000000000000032,5.012499999999999,1.0
0.9000000000000323,6.0,1.0
0.9000000000000323,5.6,1.0
0.9000000000000323,5.199999999999999,1.0
0.9000000000000323,4.799999999999999,2.0
0.9000000000000323,4.999999999999999,2.0
0.9000000000000323,5.1,1.0
0.9000000000000323,5.05,1.0
0.9000000000000323,5.0249999999999995,1.0
0.9000000000000323,5.012499999999999,2.0
0.8000000000000327,6.0,1.0
0.8000000000000327,5.6,1.0
0.8000000000000327,5.199999999999999,1.0
0.8000000000000327,4.799999999999999,2.0
0.8000000000000327,4.999999999999999,2.0
0.8000000000000327,5.1,1.0
0.8000000000000327,5.05,1.0
0.8000000000000327,5.0249999999999995,2.0
0.8000000000000327,5.0375,1.0
0.700000000000033,6.0,1.0
0.700000000000033,5.6,1.0
0.700000000000033,5.199999999999999,1.0
0.700000000000033,4.799999999999999,2.0
0.700000000000033,4.999999999999999,2.0
0.700000000000033,5.1,1.0
0.700000000000033,5.05,1.0
0.700000000000033,5.0249999999999995,2.0
0.700000000000033,5.0375,2.0
0.6000000000000334,6.0,1.0
0.6000000000000334,5.6,1.0
0.6000000000000334,5.199999999999999,1.0
0.6000000000000334,4.799999999999999,2.0
0.6000000000000334,4.999999999999999,2.0
0.6000000000000334,5.1,1.0
0.6000000000000334,5.05,1.0
0.6000000000000334,5.0249999999999995,2.0
0.6000000000000334,5.0375,2.0
0.5000000000000338,6.0,1.0
0.5000000000000338,5.6,1.0
0.5000000000000338,5.199999999999999,1.0
0.5000000000000338,4.799999999999999,2.0
0.5000000000000338,4.999999999999999,2.0
0.5000000000000338,5.1,1.0
0.5000000000000338,5.05,2.0
0.5000000000000338,5.074999999999999,1.0
0.5000000000000338,5.062499999999999,1.0
0.4000000000000341,6.0,1.0
0.4000000000000341,5.6,1.0
0.4000000000000341,5.199999999999999,1.0
0.4000000000000341,4.799999999999999,2.0
0.4000000000000341,4.999999999999999,2.0
0.4000000000000341,5.1,1.0
0.4000000000000341,5.05,2.0
0.4000000000000341,5.074999999999999,2.0
0.4000000000000341,5.0874999999999995,1.0
0.30000000000003446,6.0,1.0
0.30000000000003446,5.6,1.0
0.30000000000003446,5.199999999999999,1.0
0.30000000000003446,4.799999999999999,2.0
0.30000000000003446,4.999999999999999,2.0
0.30000000000003446,5.1,2.0
0.30000000000003446,5.1499999999999995,1.0
0.30000000000003446,5.124999999999999,1.0
0.30000000000003446,5.112499999999999,1.0
0.20000000000003482,6.0,1.0
0.20000000000003482,5.6,1.0
0.20000000000003482,5.199999999999999,1.0
0.20000000000003482,4.799999999999999,2.0
0.20000000000003482,4.999999999999999,2.0
0.20000000000003482,5.1,1.0
0.20000000000003482,5.05,2.0
0.20000000000003482,5.074999999999999,2.0
0.20000000000003482,5.0874999999999995,2.0
0.10000000000003517,6.0,1.0
0.10000000000003517,5.6,1.0
0.10000000000003517,5.199999999999999,1.0
0.10000000000003517,4.799999999999999,1.0
0.10000000000003517,4.399999999999999,2.0
0.10000000000003517,4.599999999999999,2.0
0.10000000000003517,4.699999999999999,1.0
0.10000000000003517,4.6499999999999995,2.0
0.10000000000003517,4.674999999999999,2.0
0.10000000000003517,4.687499999999999,2.0
